track_name;artist(s)_name;artist_count;released_year;released_month;released_day;in_spotify_playlists;in_spotify_charts;streams;in_apple_playlists;in_apple_charts
Seven (feat. Latto) (Explicit Ver.);Latto, Jung Kook;2;2023;7;14;553;147;141381703;43;263
LALA;Myke Towers;1;2023;3;23;1474;48;133716286;48;126
vampire;Olivia Rodrigo;1;2023;6;30;1397;113;140003974;94;207
Cruel Summer;Taylor Swift;1;2019;8;23;7858;100;800840817;116;207
WHERE SHE GOES;Bad Bunny;1;2023;5;18;3133;50;303236322;84;133
Sprinter;Dave, Central Cee;2;2023;6;1;2186;91;183706234;67;213
Ella Baila Sola;Eslabon Armado, Peso Pluma;2;2023;3;16;3090;50;725980112;34;222
Columbia;Quevedo;1;2023;7;7;714;43;58149378;25;89
fukumean;Gunna;1;2023;5;15;1096;83;95217315;60;210
La Bebe - Remix;Peso Pluma, Yng Lvcas;2;2023;3;17;2953;44;553634067;49;110
un x100to;Bad Bunny, Grupo Frontera;2;2023;4;17;2876;40;505671438;41;205
Super Shy;NewJeans;1;2023;7;7;422;55;58255150;37;202
Flowers;Miley Cyrus;1;2023;1;12;12211;115;1316855716;300;215
Daylight;David Kushner;1;2023;4;14;3528;98;387570742;80;156
As It Was;Harry Styles;1;2022;3;31;23575;130;2513188493;403;198
Kill Bill;SZA;1;2022;12;8;8109;77;1163093654;183;162
Cupid - Twin Ver.;Fifty Fifty;1;2023;2;24;2942;77;496795686;91;212
"What Was I Made For? [From The Motion Picture ""Barbie""]";Billie Eilish;1;2023;7;13;873;104;30546883;80;227
Classy 101;Feid, Young Miko;2;2023;3;31;2610;40;335222234;43;100
Like Crazy;Jimin;1;2023;3;24;596;68;363369738;8;104
LADY GAGA;Gabito Ballesteros, Junior H, Peso Pluma;3;2023;6;22;332;26;86444842;11;163
I Can See You (Taylor���s Version) (From The ;Taylor Swift;1;2023;7;7;516;38;52135248;73;119
I Wanna Be Yours;Arctic Monkeys;1;2013;1;1;12859;110;1297026226;24;98
Popular (with Playboi Carti & Madonna) - The Idol Vol. 1 (Music from the HBO Original Series);The Weeknd, Madonna, Playboi Carti;3;2023;6;2;1945;87;115364561;74;182
SABOR FRESA;Fuerza Regida;1;2023;6;22;250;26;78300654;16;149
Calm Down (with Selena Gomez);R��ma, Selena G;2;2022;3;25;7112;77;899183384;202;119
MOJABI GHOST;Tainy, Bad Bunny;2;2023;6;29;859;40;61245289;35;109
Last Night;Morgan Wallen;1;2023;1;31;2420;19;429829812;52;107
Dance The Night (From Barbie The Album);Dua Lipa;1;2023;5;25;2988;101;127408954;0;0
Rush;Troye Sivan;1;2023;7;13;864;78;22581161;71;135
TULUM;Peso Pluma, Grupo Frontera;2;2023;6;28;266;34;52294266;20;185
Creepin';The Weeknd, 21 Savage, Metro Boomin;3;2022;12;2;6036;88;843957510;113;149
Anti-Hero;Taylor Swift;1;2022;10;21;9082;56;999748277;242;142
TQG;Karol G, Shakira;2;2023;2;23;4284;49;618990393;115;123
Los del Espacio;Big One, Duki, Lit Killah, Maria Becerra, FMK, Rusherking, Emilia, Tiago pzk;8;2023;6;1;1150;31;123122413;22;33
Fr��gil (feat. Grupo Front;Yahritza Y Su Esencia, Grupo Frontera;2;2023;4;7;672;34;188933502;19;108
Blank Space;Taylor Swift;1;2014;1;1;11434;53;1355959075;154;123
Style;Taylor Swift;1;2014;1;1;7830;42;786181836;94;111
TQM;Fuerza Regida;1;2023;5;19;584;28;176553476;16;159
El Azul;Junior H, Peso Pluma;2;2023;2;10;692;25;354495408;10;107
Sunflower - Spider-Man: Into the Spider-Verse;Post Malone, Swae Lee;2;2018;10;9;24094;78;2808096550;372;117
I'm Good (Blue);Bebe Rexha, David Guetta;2;2022;8;26;12482;80;1109433169;291;184
See You Again;Tyler, The Creator, Kali Uchis;3;2017;7;21;13387;64;1047101291;77;58
Barbie World (with Aqua) [From Barbie The Album];Nicki Minaj, Aqua, Ice Spice;3;2023;6;23;1117;80;65156199;82;145
Angels Like You;Miley Cyrus;1;2020;11;27;3372;19;570515054;65;48
I Ain't Worried;OneRepublic;1;2022;5;13;8431;76;1085685420;241;127
Die For You;The Weeknd;1;2016;11;24;2483;59;1647990401;68;21
Starboy;The Weeknd, Daft Punk;2;2016;9;21;29536;79;2565529693;281;137
Die For You - Remix;Ariana Grande, The Weeknd;2;2023;2;24;3408;47;518745108;87;86
El Cielo;Feid, Myke Towers, Sky Rompiendo;3;2023;6;2;1298;38;107753850;44;64
Baby Don't Hurt Me;David Guetta, Anne-Marie, Coi Leray;3;2023;4;6;4277;66;177740666;145;111
AMARGURA;Karol G;1;2023;2;24;1133;39;153372011;14;71
(It Goes Like) Nanana - Edit;Peggy Gou;1;2023;6;15;2259;59;57876440;0;0
Another Love;Tom Odell;1;2012;10;15;18371;83;1813673666;250;122
Blinding Lights;The Weeknd;1;2019;11;29;43899;69;3703895074;672;199
Moonlight;Kali Uchis;1;2023;2;24;2649;42;256483385;67;79
La Bachata;Manuel Turizo;1;2022;5;26;6804;45;1214083358;139;111
S91;Karol G;1;2023;7;14;525;41;16011326;34;115
cardigan;Taylor Swift;1;2020;7;24;7923;29;812019557;106;112
T��;dennis, MC Kevin o Chris;2;2023;5;4;731;15;111947664;27;17
Boy's a liar Pt. 2;PinkPantheress, Ice Spice;2;2023;2;3;5184;41;156338624;154;84
Left and Right (Feat. Jung Kook of BTS);Charlie Puth, BTS, Jung Kook;3;2022;6;24;3107;39;720434240;38;0
BESO;Rauw Alejandro, ROSAL�;2;2023;3;24;4053;50;357925728;82;121
Hey Mor;Ozuna, Feid;2;2022;10;6;4637;38;674072710;63;79
Yellow;Chris Molitor;1;1999;1;1;31358;43;1755214421;196;2
Karma;Taylor Swift;1;2022;10;21;3818;23;404562836;37;55
People;Libianca;1;2022;12;2;3506;56;373199958;105;64
Overdrive;Post Malone;1;2023;7;14;410;36;14780425;36;32
Enchanted (Taylor's Version);Taylor Swift;1;2023;7;7;148;24;39578178;32;93
BABY HELLO;Rauw Alejandro, Bizarrap;2;2023;6;23;1004;35;54266102;42;80
Heat Waves;Glass Animals;1;2020;6;28;22543;63;2557975762;386;144
golden hour;JVKE;1;2022;7;15;4511;36;751134527;70;58
Sweater Weather;The Neighbourhood;1;2012;5;14;16413;61;2282771485;166;87
Viva La Vida;Coldplay;1;2008;1;1;33898;62;1592909789;233;0
Here With Me;d4vd;1;2022;7;17;3246;23;635412045;94;85
Unholy (feat. Kim Petras);Sam Smith, Kim Petras;2;2022;9;22;8576;42;1230675890;216;108
Yandel 150;Yandel, Feid;2;2022;12;20;3618;38;585695368;47;74
CORAZ��N VA;Maria Becerra;1;2023;6;22;370;20;43857627;12;16
Riptide;Vance Joy;1;1975;1;1;31123;55;2009094673;300;65
Until I Found You (with Em Beihold) - Em Beihold Version;Em Beihold, Stephen Sanchez;2;2022;4;22;2790;30;600976848;60;96
Novidade na ��;Mc Livinho, DJ Matt D;2;2023;6;23;267;9;39709092;9;6
Back To December (Taylor's Version);Taylor Swift;1;2023;7;7;139;17;39228929;16;72
STAY (with Justin Bieber);Justin Bieber, The Kid Laroi;2;2021;7;9;17050;36;2665343922;492;99
El Merengue;Marshmello, Manuel Turizo;2;2023;3;3;2114;44;223633238;80;75
Someone You Loved;Lewis Capaldi;1;2018;11;8;17836;53;2887241814;440;125
Me Porto Bonito;Chencho Corleone, Bad Bunny;2;2022;5;6;8870;43;1440757818;104;120
Makeba;Jain;1;2015;6;22;6060;53;165484133;150;148
MONTAGEM - FR PUNK;Ayparia, unxbected;2;2012;6;20;641;50;58054811;1;52
Fast Car;Luke Combs;1;2023;3;24;1446;12;157058870;57;97
What It Is (Solo Version);Doechii;1;2023;3;17;804;25;95131998;29;76
Coco Chanel;Bad Bunny, Eladio Carrion;2;2023;3;17;1962;38;250305248;28;89
Don���t Bl;Taylor Swift;1;2017;11;8;4875;23;685032533;19;45
Still With You;Jung Kook;1;2020;6;5;31;39;38411956;2;107
All My Life (feat. J. Cole);J. Cole, Lil Durk;2;2023;5;12;2175;23;144565150;69;145
Say Yes To Heaven;Lana Del Rey;1;2023;3;17;2000;46;127567540;49;105
Snooze;SZA;1;2022;12;9;2839;25;399686758;58;156
Summertime Sadness;Lana Del Rey;1;2011;1;1;20333;52;983637508;89;143
Take Two;BTS;1;2023;6;9;674;47;118482347;20;106
Lover;Taylor Swift;1;2012;1;1;8448;23;882831184;160;110
Too Many Nights (feat. Don Toliver & with Future);Future, Metro Boomin, Don Toliver;3;2022;12;2;2110;58;286400165;17;119
Chemical;Post Malone;1;2023;4;14;2528;39;172825906;56;91
Mockingbird;Eminem;1;2004;1;1;12985;61;1241559043;49;98
New Jeans;NewJeans;1;2023;7;7;77;35;29562220;8;166
Primera Cita;Carin Leon;1;2022;4;20;266;27;77309611;6;40
Cold Heart - PNAU Remix;Dua Lipa, Elton John, Pnau;3;2017;11;10;21097;52;1605224506;384;135
Dandelions;Ruth B.;1;2017;4;28;3423;21;1116995633;41;100
Bones;Imagine Dragons;1;2021;3;11;4198;44;838079900;98;108
Set Fire to the Rain;Adele;1;2011;1;1;14739;43;1163620694;88;112
Money Trees;Kendrick Lamar, Jay Rock;2;2012;1;1;26792;32;1093605526;69;113
Tak Segampang Itu;Anggi Marito;1;2022;12;2;213;6;179659294;7;6
LAGUNAS;Jasiel Nu��ez, Peso P;2;2023;6;22;58;18;39058561;2;106
Mine (Taylor's Version);Taylor Swift;1;2023;7;7;99;15;36912123;21;52
Everybody Wants To Rule The World;Tears For Fears;1;1985;2;17;41751;25;1205951614;101;32
No Role Modelz;J. Cole;1;2014;12;9;21164;36;1791000570;80;65
Tattoo;Loreen;1;2023;2;25;2988;59;201660859;74;102
Rara Vez;Taiu, Milo j;2;2023;2;8;893;38;248088961;19;23
VAGABUNDO;Sebastian Yatra, Manuel Turizo, Be��;3;2023;5;12;1094;34;90839753;40;58
august;Taylor Swift;1;2020;7;24;7324;22;607123776;25;81
LUNA;Junior H, Peso Pluma;2;2023;6;22;201;11;55842345;19;117
Miracle (with Ellie Goulding);Calvin Harris, Ellie Goulding;2;2023;3;10;5120;48;211050784;161;115
Nonsense;Sabrina Carpenter;1;2022;7;15;2346;27;342897938;69;12
Que Vuelvas;Carin Leon, Grupo Frontera;2;2022;12;9;763;26;2762;21;110
Por las Noches;Peso Pluma;1;2021;6;11;457;24;330346424;8;116
Feliz Cumplea��os Fe;Feid;1;2022;8;19;3430;38;601863821;45;69
Can't Hold Us (feat. Ray Dalton);Ray Dalton, Ryan Lewis, Macklemore;3;2011;8;16;6074;52;1953533826;201;44
Watermelon Sugar;Harry Styles;1;2019;11;17;21915;34;2322580122;437;115
lovely - Bonus Track;Billie Eilish, Khalid;2;2017;8;11;15032;30;2355719893;221;96
Queencard;(G)I-DLE;1;2023;5;15;451;33;96273746;10;126
OMG;NewJeans;1;2023;1;2;1783;27;430977451;26;124
Radio;Lana Del Rey;1;2011;1;1;9389;46;284819874;24;122
505;Arctic Monkeys;1;2007;4;20;13985;25;1217120710;30;80
Trance (with Travis Scott & Young Thug);Travis Scott, Young Thug, Metro Boomin;3;2022;12;2;1682;46;276259178;24;90
"Tere Vaaste (From ""Zara Hatke Zara Bachke"")";Sachin-Jigar, Shadab Faridi, Altamash Faridi, Amitabh Bhattacharya, Varun Jain;5;2023;5;22;182;8;54225632;3;88
Perfect;Ed Sheeran;1;2017;1;1;16596;13;2559529074;7;0
Romantic Homicide;d4vd;1;2022;7;20;2335;23;681583126;82;55
Believer;Imagine Dragons;1;2017;1;31;18986;23;2594040133;250;121
Novo Balan�;Veigh, Bvga Beatz, Supernova Ent, Prod Malax;4;2023;5;19;283;7;81102253;6;9
Without Me;Eminem;1;2002;1;1;21081;43;1687664027;98;76
QUEMA;Sog, Ryan Castro, Peso Pluma;3;2023;7;13;437;31;11599388;17;29
Stargirl Interlude;The Weeknd, Lana Del Rey;2;2016;11;24;1275;32;611700552;13;8
Ojitos Lindos;Bomba Est��reo, Bad B;2;2022;5;6;6135;38;1133865788;71;113
Somewhere Only We Know;Keane;1;2004;1;1;20015;16;1089402494;107;69
Those Eyes;New West;1;2019;5;10;1507;14;411747614;24;71
El Gordo Trae El Mando;Chino Pacas;1;2023;1;27;539;21;255932395;7;71
Mi Bello Angel;Natanael Cano;1;2023;6;30;86;8;31873544;7;76
Bye;Peso Pluma;1;2023;5;26;324;14;95053634;13;110
Danza Kuduro;Don Omar, Lucenzo;2;2010;1;1;17138;37;1279434863;119;81
Nosso Quadro;Ana Castela, AgroPlay;2;2023;2;2;894;9;233801632;14;88
Locked Out Of Heaven;Bruno Mars;1;2012;12;5;1622;9;1481349984;0;0
Un Finde | CROSSOVER #2;Big One, FMK, Ke personajes;3;2023;4;4;561;14;142095275;4;14
Jimmy Cooks (feat. 21 Savage);Drake, 21 Savage;2;2022;6;17;5871;27;618885532;81;121
Counting Stars;OneRepublic;1;2013;1;1;29215;43;2011464183;179;97
Ghost;Justin Bieber;1;2021;3;19;5866;24;1167330737;107;38
Under The Influence;Chris Brown;1;2019;10;4;3859;26;929964809;133;181
PRC;Natanael Cano, Peso Pluma;2;2023;1;23;961;26;436027885;19;143
Gasolina;Daddy Yankee;1;2004;7;13;6457;18;657723613;98;95
One Dance;Drake, WizKid, Kyla;3;2016;4;4;43257;24;2713922350;433;107
Enchanted;Taylor Swift;1;2010;1;1;4564;16;621660989;24;101
Save Your Tears;The Weeknd;1;2020;3;20;12688;13;1591223784;197;115
Sure Thing;Miguel;1;2010;5;25;13801;19;950906471;137;125
Every Breath You Take - Remastered 2003;The Police;1;1983;1;6;22439;19;1593270737;211;74
The Night We Met;Lord Huron;1;2015;2;2;18515;35;1410088830;70;82
We Found Love;Rihanna, Calvin Harris;2;2011;1;1;36843;21;1235005533;321;91
When I Was Your Man;Bruno Mars;1;2012;12;5;2420;11;1661187319;0;0
Let Me Down Slowly;Alec Benjamin;1;2018;5;25;5897;19;1374581173;0;0
Do I Wanna Know?;Arctic Monkeys;1;2013;1;1;33783;26;1788326445;133;92
Demons;Imagine Dragons;1;2012;1;1;26694;13;1840364617;65;82
������������;YOASOBI;1;2023;4;12;356;16;143573775;35;102
Reminder;The Weeknd;1;2016;11;25;6518;17;684675814;45;85
Shake It Off;Taylor Swift;1;2014;1;1;21335;13;1113838873;328;70
Why'd You Only Call Me When You're High?;Arctic Monkeys;1;2013;1;1;23389;29;1267333350;54;70
SNAP;Rosa Linn;1;2022;3;19;3202;18;726307468;148;80
Shape of You;Ed Sheeran;1;2017;1;6;32181;10;3562543890;33;0
Night Changes;One Direction;1;2014;11;17;7124;18;1131090940;60;20
Fin de Semana;Oscar Maydon, Junior H;2;2023;1;13;592;14;307370144;11;84
Creep;Radiohead;1;1992;9;21;36724;7;1271293243;146;72
Car's Outside;James Arthur;1;2019;10;18;794;10;265882712;38;25
Apocalypse;Cigarettes After Sex;1;2017;3;21;13091;17;841749534;61;96
Cheques;Shubh;1;2023;5;19;67;8;47956378;7;10
Pink + White;Frank Ocean;1;2016;8;20;21574;30;806397070;112;68
Circles;Post Malone;1;2019;8;30;19664;16;2132335812;391;73
Just The Way You Are;Bruno Mars;1;2010;1;1;21106;13;1641426668;82;0
Take Me To Church;Hozier;1;2013;9;13;23804;31;2135158446;187;99
Bebe Dame;Fuerza Regida, Grupo Frontera;2;2022;12;16;849;22;367316268;27;129
You Belong With Me (Taylor���s Ve;Taylor Swift;1;2021;4;9;2619;12;350381515;47;90
Titi Me Pregunt�;Bad Bunny;1;2022;5;6;9037;42;1264310836;124;133
Better Than Revenge (Taylor's Version);Taylor Swift;1;2023;7;7;86;11;30343206;3;33
Shut up My Moms Calling;Hotel Ugly;1;2020;2;10;1788;14;405136812;1;50
Have You Ever Seen The Rain?;Creedence Clearwater Revival;1;1968;7;1;15890;14;1145727611;71;37
Es un Secreto;Plan B;1;2010;7;20;492;36;540654286;4;3
POLARIS - Remix;Feid, Mora, Saiko, Quevedo;4;2023;6;8;773;33;57312735;20;46
Ditto;NewJeans;1;2022;12;19;1154;22;397582059;28;125
Take On Me;a-ha;1;1984;10;19;44927;17;1479115056;34;0
Acr��s;Shakira;1;2023;5;11;955;29;123124076;37;50
AMG;Natanael Cano, Gabito Ballesteros, Peso Pluma;3;2022;11;24;995;19;463564958;12;117
"Phir Aur Kya Chahiye (From ""Zara Hatke Zara Bachke"")";Arijit Singh, Sachin-Jigar, Amitabha Bhattacharya;3;2023;5;15;178;6;64533040;6;71
S-Class;Stray Kids;1;2023;6;2;290;19;65496046;9;101
Hits Different;Taylor Swift;1;2023;5;26;547;0;68616963;15;15
Chanel;Becky G, Peso Pluma;2;2023;3;30;681;10;161460990;15;92
Self Love (Spider-Man: Across the Spider-Verse) (Metro Boomin & Coi Leray);Metro Boomin, Coi Leray;2;2023;6;2;332;5;70106975;18;41
Area Codes;Kaliii, Kaliii;2;2023;3;17;1197;13;113509496;44;34
Abcdario;Junior H, Eden Mu��;2;2023;5;13;262;5;89933133;8;60
Obsessed;Abhijay Sharma, Riar Saab;2;2022;9;29;161;6;71007139;10;79
Pi��man De�;Semicenk, Do��u ;2;2023;6;2;185;3;43522589;5;6
FLOWER;JISOO;1;2023;3;31;839;18;232896922;20;110
Eyes Closed;Ed Sheeran;1;2023;3;23;2915;30;195576623;116;69
Escapism.;RAYE, 070 Shake;2;2022;10;12;5129;25;532336353;116;84
La Jumpa;Arcangel, Bad Bunny;2;2022;11;30;3794;34;538115192;47;77
Karma (feat. Ice Spice);Taylor Swift, Ice Spice;2;2023;5;26;588;0;46142772;23;21
Superhero (Heroes & Villains) [with Future & Chris Brown];Future, Chris Brown, Metro Boomin;3;2022;12;2;2959;16;401036314;41;69
Las Morras;BLESSD, Peso Pluma;2;2023;4;4;291;8;127026613;8;78
CHORRITO PA LAS ANIMAS;Feid;1;2022;12;2;2321;36;345031710;29;65
Ch y la Pizza;Fuerza Regida, Natanael Cano;2;2022;12;1;536;10;288101651;10;72
Snow On The Beach (feat. More Lana Del Rey);Lana Del Rey, Taylor Swift;2;2023;5;26;359;2;60350538;1;0
Players;Coi Leray;1;2022;11;30;4096;6;335074782;118;48
Bite Me;ENHYPEN;1;2023;5;22;349;69;76767396;8;96
Stand By Me (feat. Morgan Wallen);Lil Durk, Morgan Wallen;2;2023;5;26;381;5;46065667;23;82
Normal;Feid;1;2022;7;8;2461;36;459276435;47;66
Hummingbird (Metro Boomin & James Blake);James Blake, Metro Boomin;2;2023;6;2;277;1;39666245;1;20
Seu Brilho Sumiu - Ao Vivo;Israel & Rodolffo, Mari Fernandez;2;2023;3;1;967;5;138517666;7;29
Bad Habit;Steve Lacy;1;2022;6;29;8186;12;822633917;155;72
CUFF IT;Beyonc�;1;2022;7;29;7842;10;595900742;215;88
Lilith (feat. SUGA of BTS) (Diablo IV Anthem);Halsey, Suga;2;2023;6;5;215;6;51985779;6;14
69;Nicky Jam, Feid;2;2023;5;18;1134;22;57945987;39;14
Ni��a Bo;Sean Paul, Feid;2;2023;4;21;1305;34;115010040;29;26
Search & Rescue;Drake;1;2023;4;7;2066;6;175097833;58;70
AMERICA HAS A PROBLEM (feat. Kendrick Lamar);Kendrick Lamar, Beyonc�;2;2023;5;19;896;0;57089066;34;2
Lavender Haze;Taylor Swift;1;2022;10;21;3763;8;488386797;51;43
Efecto;Bad Bunny;1;2022;5;6;4004;33;1047480053;34;65
Erro Gostoso - Ao Vivo;Simone Mendes;1;2023;1;27;984;5;153454328;8;57
Cupido;Tini;1;2023;2;14;1240;24;217672943;51;29
Just Wanna Rock;Lil Uzi Vert;1;2022;10;17;3995;13;457184829;72;27
Unstoppable;Sia;1;2016;1;21;7681;13;939844851;119;66
Until I Found You;Stephen Sanchez;1;2021;9;1;4427;4;726434358;69;100
Rich Flex;Drake, 21 Savage;2;2022;11;4;4657;18;573633020;84;84
Easy On Me;Adele;1;2021;10;14;10195;20;1406111294;258;87
Cart��o B;MC Caverinha, KayBlack;2;2023;5;11;269;4;71573339;7;2
Danger (Spider) (Offset & JID);Offset, JID;2;2023;6;2;214;0;24975653;3;3
Oi Balde - Ao Vivo;Z�� Neto & Crist;1;2023;2;14;845;2;145458418;12;57
The Real Slim Shady;Eminem;1;2000;1;1;20763;27;1424589568;81;53
MERCHO;Migrantes, LiL CaKe, Nico Valdi;3;2022;12;16;1267;20;231332117;41;22
The Color Violet;Tory Lanez;1;2021;12;10;2585;32;415932686;3;79
Glimpse of Us;Joji;1;2022;6;10;6330;6;988515741;109;42
Mejor Que Yo;Mambo Kingz, DJ Luian, Anuel Aa;3;2023;5;4;675;1;50847624;9;13
Curtains;Ed Sheeran;1;2023;5;5;715;0;39893489;37;3
UNFORGIVEN (feat. Nile Rodgers);Nile Rodgers, LE SSERAFIM;2;2023;5;1;327;13;92035115;14;110
Haegeum;Agust D;1;2023;4;21;244;12;118810253;6;84
Conex��es de M��fia (feat. Rich ;Rich The Kid, Matu�;2;2023;4;30;385;4;77233241;17;7
MIENTRAS ME CURO DEL CORA;Karol G;1;2023;2;24;1020;35;206399629;15;26
Never Felt So Alone;Labrinth;1;2023;4;7;1730;3;117747907;46;5
X SI VOLVEMOS;Karol G, Romeo Santos;2;2023;2;2;2127;33;266624541;45;80
ceilings;Lizzy McAlpine;1;2022;4;8;3242;9;293186992;67;55
Cupid;Fifty Fifty;1;2023;2;24;526;10;139681964;15;93
I AM;IVE;1;2023;4;10;366;15;123132751;16;102
Cupid ��� Twin Ver. (FIFTY FIFTY) ��� Spe;sped up 8282;1;1997;1;1;472;2;103762518;0;0
Shorty Party;Cartel De Santa, La Kelly;2;2023;3;4;432;12;162887075;8;14
Super;SEVENTEEN;1;2023;4;24;271;12;91221625;16;103
Slut Me Out;NLE Choppa;1;2022;4;22;816;4;190490915;21;4
Double Fantasy (with Future);The Weeknd, Future;2;2023;4;21;1169;0;96180277;36;65
All Of The Girls You Loved Before;Taylor Swift;1;2019;8;23;1282;6;185240616;26;6
PROVENZA;Karol G;1;2022;4;21;6587;34;885093467;114;104
Princess Diana (with Nicki Minaj);Nicki Minaj, Ice Spice;2;2023;4;14;1444;4;104992946;0;0
Di Que Si;Grupo Marca Registrada, Grupo Frontera;2;2023;2;3;356;10;147290338;4;64
Shivers;Ed Sheeran;1;2021;9;9;10147;30;1302184087;234;71
Igualito a Mi Ap�;Fuerza Regida, Peso Pluma;2;2022;12;30;265;6;158950978;8;84
Shoong! (feat. LISA of BLACKPINK);TAEYANG, Lisa;2;2023;4;25;351;9;76910644;16;90
Komang;Raim Laode;1;2022;8;16;158;4;137123880;5;6
DESPECH�;ROSAL�;1;2022;7;28;7613;33;782369383;180;90
Made You Look;Meghan Trainor;1;2022;10;21;3956;6;502574952;142;23
Watch This - ARIZONATEARS Pluggnb Remix;sped up nightcore, ARIZONATEARS, Lil Uzi Vert;3;2023;2;5;1638;10;207033255;0;0
No Se Va;Grupo Frontera;1;2022;4;28;924;18;404887295;17;80
Punto G;Quevedo;1;2022;11;4;1985;35;381161027;34;26
Lovers Rock;TV Girl;1;2014;6;5;6339;13;466231982;3;1
METAMORPHOSIS;INTERWORLD;1;2021;11;25;1561;24;357580552;18;78
Mami Chula;Quevedo, Jhayco;2;2023;4;27;875;4;61105704;17;13
En Paris;El Chachito, Junior H;2;2022;12;24;406;5;198275403;3;31
Set Me Free Pt.2;Jimin;1;2023;3;17;340;13;168448603;4;71
I Was Never There;The Weeknd, Gesaffelstein;2;2018;3;29;4188;15;705469769;30;70
Don't ever say love me (feat. RM of BTS);RM, Colde;2;2023;5;4;105;0;34502215;5;9
Shut Down;BLACKPINK;1;2022;9;16;1524;17;482175240;53;120
Gato de Noche;Nengo Flow, Bad Bunny;2;2022;12;22;2651;30;304118600;21;55
Call Out My Name;The Weeknd;1;2018;3;29;11087;6;1449799467;151;107
Like Crazy (English Version);Jimin;1;2023;3;24;373;19;173627354;4;72
Rosa Pastel;Jasiel Nu��ez, Peso P;2;2023;2;2;200;4;90025258;8;77
Sunroof;Nicky Youre, Dazy;2;2021;12;3;3741;17;652704649;156;35
Lose Yourself - Soundtrack Version;Eminem;1;2002;1;1;32502;21;1829992958;247;54
Superman;Eminem, Dina Rae;2;2002;5;26;7615;14;655466831;18;51
Mas Rica Que Ayer;Mambo Kingz, DJ Luian, Anuel Aa;3;2023;3;2;1208;34;146409671;10;41
People Pt.2 (feat. IU);IU, Agust D;2;2023;4;7;209;4;95816024;4;45
REMIX EXCLUSIVO;Feid;1;2023;3;17;1235;9;117206995;20;8
DOGTOOTH;Tyler, The Creator;2;2023;3;27;1479;0;80758350;23;0
10:35;Ti��sto, Tate M;2;2022;11;1;4942;26;325592432;190;104
SORRY NOT SORRY;Tyler, The Creator;2;2023;3;31;709;0;58473276;8;1
HAPPY;NF;1;2023;3;25;660;0;52722996;22;7
La Bebe;Yng Lvcas;1;2021;12;24;489;17;191945597;4;11
I Know - PR1SVX Edit;Kanii, PR1ISVX;2;2023;3;24;407;0;77377503;16;15
Late Night Talking;Harry Styles;1;2022;5;20;7461;8;743693613;166;42
Le�;Mar��lia Mendo;1;2022;12;9;993;4;267789608;30;84
Save Your Tears (with Ariana Grande) (Remix);Ariana Grande, The Weeknd;2;2020;3;20;9161;5;1221813483;240;98
Something in the Orange;Zach Bryan;1;2022;4;22;3282;12;449701773;67;84
VOID;Melanie Martinez;1;2023;3;29;596;0;67070410;29;9
Dijeron Que No La Iba Lograr;Fuerza Regida, Chino Pacas;2;2023;3;14;320;6;116334601;5;48
Midnight Rain;Taylor Swift;1;2022;10;21;2612;4;433356509;19;29
If We Ever Broke Up;Mae Stephens;1;2023;2;10;2040;4;165584767;81;27
You Proof;Morgan Wallen;1;2022;5;13;2128;9;367814306;37;88
LA INOCENTE;Feid, Mora;2;2022;4;1;2598;37;477033549;28;57
Malas Decisiones;Kenia OS;1;2022;10;26;542;2;156214700;23;2
Murder In My Mind;Kordhell;1;2022;1;21;2459;20;448843705;20;68
Gangsta's Paradise;Coolio, L.V.;2;1995;7;11;10624;17;1357608774;21;0
CAIRO;Karol G, Ovy On The Drums;2;2022;11;13;2418;26;294352144;52;66
I Love You So;The Walters;1;2014;11;28;7536;7;972164968;44;19
Dark Red;Steve Lacy;1;2017;2;20;10431;7;920045682;71;53
Say You Won't Let Go;James Arthur;1;2016;9;9;15722;16;2420461338;231;37
The Hills;The Weeknd;1;2015;5;27;25744;4;1947371785;122;94
Heart To Heart;Mac DeMarco;1;2019;5;10;1640;0;244658767;27;27
Peaches (from The Super Mario Bros. Movie);Jack Black;1;2023;4;7;34;0;68216992;0;0
Marisola - Remix;Duki, NICKI NICOLE, Cris Mj, Standly, Stars Music Chile;5;2022;12;15;1845;16;223582566;20;8
LOKERA;Brray, Rauw Alejandro, Lyanno;3;2022;7;25;3301;30;471819764;72;64
Low;SZA;1;2022;12;9;1911;0;272377463;23;71
Numb;Linkin Park;1;2003;3;24;20111;5;1361425037;39;0
Tormenta (feat. Bad Bunny);Gorillaz, Bad Bunny;2;2023;2;24;1529;0;149778242;32;18
on the street (with J. Cole);j-hope, J. Cole;2;2023;3;3;615;2;116599790;22;82
One Thing At A Time;Morgan Wallen;1;2022;12;2;811;4;148469433;11;58
Miss You;Robin Schulz, Oliver Tree;2;2022;8;5;5730;10;497225336;108;16
Ain���t Tha;Morgan Wallen;1;2023;3;3;356;4;88791109;4;20
Thinkin��� B;Morgan Wallen;1;2023;3;3;604;6;125917280;22;101
Private Landing (feat. Justin Bieber & Future);Don Toliver, Future, Justin Bieber;3;2023;2;23;1190;0;105062254;29;3
Everything I Love;Morgan Wallen;1;2023;1;31;579;0;95623148;11;54
Heaven;Niall Horan;1;2023;2;17;1553;2;144584800;61;6
LET GO;Central Cee;1;2022;12;15;2301;20;298063749;49;23
Sial;Mahalini;1;2023;1;23;134;4;166570053;4;6
I Wrote The Book;Morgan Wallen;1;2023;1;31;430;0;83021468;15;17
"Apna Bana Le (From ""Bhediya"")";Arijit Singh, Sachin-Jigar;2;2022;11;5;86;0;139836056;11;101
SPIT IN MY FACE!;ThxSoMch;1;2022;10;31;629;14;303216294;32;3
PLAYA DEL INGL�;Myke Towers, Quevedo;2;2022;12;15;1701;15;221409663;30;15
Man Made A Bar (feat. Eric Church);Morgan Wallen, Eric Church;2;2023;3;3;329;0;58890931;14;35
Red Ruby Da Sleeze;Nicki Minaj;1;2023;3;3;1168;0;81419389;45;11
Kahani Suno 2.0;Kaifi Khalil;1;2022;5;31;162;6;156777415;1;10
Nobody Gets Me;SZA;1;2022;12;9;2536;6;284908316;59;100
PERO T�;Karol G, Quevedo;2;2023;2;23;387;11;93438910;11;15
Hype Boy;NewJeans;1;2022;8;1;892;17;363472647;20;119
Bloody Mary;Lady Gaga;1;2011;1;1;3909;0;372476382;66;26
Monoton�;Ozuna, Shakira;2;2022;10;19;3645;15;380726517;118;34
���98 Braves;Morgan Wallen;1;2023;3;3;282;0;56533272;6;15
WANDA;Quevedo;1;2023;1;20;888;22;175399345;11;24
Thought You Should Know;Morgan Wallen;1;2022;5;6;968;4;203221468;16;53
In The End;Linkin Park;1;2000;10;24;25065;6;1624165576;63;0
Zona De Perigo;Leo Santana;1;2022;12;8;531;4;134294498;20;1
Lovezinho;Treyce;1;2022;7;28;242;0;70069745;12;2
I Like You (A Happier Song) (with Doja Cat);Post Malone, Doja Cat;2;2022;6;3;5281;14;609293408;94;21
Neverita;Bad Bunny;1;2022;5;6;2590;30;671365962;20;64
Vista Al Mar;Quevedo;1;2022;9;8;1769;34;362361576;16;19
Sem Alian��a no ;MC Xenon, Os Gemeos da Putaria;2;2022;12;23;454;4;93587665;6;1
Enemy (with JID) - from the series Arcane League of Legends;Imagine Dragons, League of Legends, JID, Arcane;4;2021;9;3;6180;7;1223481149;122;88
Revenge;XXXTENTACION;1;2017;8;25;3600;11;1022258230;7;0
Bombonzinho - Ao Vivo;Israel & Rodolffo, Ana Castela;2;2022;11;3;1254;6;263453310;26;69
LA CANCI�;J Balvin, Bad Bunny;2;2019;6;28;6398;31;1435127549;177;109
Qu�� Ago;Yuridia, Angela Aguilar;2;2022;10;20;660;15;236857112;19;59
Love Again;The Kid Laroi;1;2023;1;27;1283;0;147538971;57;4
After Hours;The Weeknd;1;2020;2;19;8084;6;698086140;45;115
About Damn Time;Lizzo;1;2022;7;15;2332;2;723894473;0;0
Born With A Beer In My Hand;Morgan Wallen;1;2023;3;3;203;0;34450974;5;9
���������������������;Fujii Kaze;1;2020;5;20;685;14;403097450;24;94
Besos Moja2;Wisin & Yandel, ROSAL�;2;2022;9;29;2460;13;309483971;53;7
Maan Meri Jaan;King;1;2022;10;12;288;6;319566866;11;80
Moscow Mule;Bad Bunny;1;2022;5;6;4572;33;909001996;74;113
My Universe;Coldplay, BTS;2;2021;9;24;6127;13;1061966512;0;0
Devil Don���;Morgan Wallen;1;2023;3;3;166;0;32526947;2;10
LLYLM;ROSAL�;1;2023;1;27;1838;0;124988687;105;41
I'm Not Here To Make Friends;Sam Smith, Calvin Harris, Jessie Reyez;3;2023;1;27;1890;0;103787664;86;1
TRUSTFALL;P!nk;1;2023;1;27;2098;16;134255790;88;24
ANTIFRAGILE;LE SSERAFIM;1;2022;10;17;761;12;301051721;23;95
Boy's a liar;PinkPantheress;1;2022;11;30;1225;0;156338624;27;0
VIBE (feat. Jimin of BTS);TAEYANG, Jimin;2;2023;1;13;415;2;152850295;15;40
Shirt;SZA;1;2022;10;28;3469;0;309653982;71;95
Lift Me Up - From Black Panther: Wakanda Forever - Music From and Inspired By;Rihanna;1;2022;10;28;3311;0;297328960;129;31
STAR WALKIN' (League of Legends Worlds Anthem);Lil Nas X;1;2022;9;22;2616;0;332506354;113;17
Boy With Luv (feat. Halsey);Halsey, BTS;2;2019;4;12;4260;0;1065580332;113;92
Calm Down;R��;1;2022;2;9;4013;10;445763624;107;44
Jhoome Jo Pathaan;Arijit Singh, Vishal Dadlani, Sukriti Kakar, Vishal-Shekhar, Shekhar Ravjiani, Kumaar;6;2022;12;22;138;4;1365184;13;78
Escapism. - Sped Up;RAYE, 070 Shake;2;2022;11;25;1368;0;184308753;12;1
Space Song;Beach House;1;2015;1;1;17852;4;789753877;69;76
Dreamers [Music from the FIFA World Cup Qatar 2022 Official Soundtrack];BTS, Jung Kook, FIFA Sound;3;2022;11;20;889;20;323358833;11;78
Te Felicito;Shakira, Rauw Alejandro;2;2022;4;21;4796;9;606361689;124;66
Mu��;Steve Aoki, Tini, La Joaqui;3;2023;1;12;658;6;120972253;33;7
TV;Billie Eilish;1;2022;7;21;3009;2;338564981;68;89
I'm Not The Only One;Sam Smith;1;2014;1;1;17492;3;1606986953;136;24
Heather;Conan Gray;1;2020;3;20;6170;7;1301799902;82;1
"Besharam Rang (From ""Pathaan"")";Vishal-Shekhar, Shilpa Rao, Caralisa Monteiro, Kumaar, Vishal Dadlani, Shekhar Ravjiani;6;2022;12;12;130;4;140187018;21;79
One Kiss (with Dua Lipa);Calvin Harris, Dua Lipa;2;2017;6;2;27705;10;1897517891;537;122
Sugar Rush Ride;TOMORROW X TOGETHER;1;2023;1;27;359;0;107642809;12;56
Pink Venom;BLACKPINK;1;2022;8;19;1963;16;551305895;57;119
WAIT FOR U (feat. Drake & Tems);Drake, Future, Tems;3;2022;4;27;5491;14;556585270;128;84
Don't Start Now;Dua Lipa;1;2019;10;31;27119;0;2303033973;532;77
After Dark;Mr.Kitty;1;2014;8;8;1776;14;646886885;1;9
Eu Gosto Assim - Ao Vivo;Gustavo Mioto, Mari Fernandez;2;2022;9;16;1473;4;222612678;27;64
INDUSTRY BABY (feat. Jack Harlow);Jack Harlow, Lil Nas X;2;2021;7;23;13315;0;1814349763;300;47
MIDDLE OF THE NIGHT;Elley Duh�;1;2020;1;10;4057;8;872137015;78;21
Atlantis;Seafret;1;2015;4;22;3045;6;571386359;43;53
PUNTO 40;Baby Rasta, Rauw Alejandro;2;2022;9;22;3006;12;304079786;54;32
Evoque Prata;DJ Escobar, MC MENOR SG, MC MENOR HR;3;2022;9;9;852;0;174006928;14;1
How Do I Say Goodbye;Dean Lewis;1;2022;8;5;2163;15;284785823;72;97
Blind;SZA;1;2022;12;9;1484;0;163284000;22;51
Die For You;Joji;1;2022;11;4;1703;0;246390068;38;45
Doja;Central Cee;1;2022;7;20;4169;44;482257456;57;44
Gatita;Bellakath;1;2022;10;3;1054;0;168684524;9;0
Rumble;Skrillex, Flowdan, Fred again..;3;2022;1;17;2849;0;78489819;39;45
Niagara Falls (Foot or 2) [with Travis Scott & 21 Savage];Travis Scott, 21 Savage, Metro Boomin;3;2022;12;2;1602;0;195516622;12;22
Yonaguni;Bad Bunny;1;2021;6;4;9644;28;1260594497;120;86
Super Freaky Girl;Nicki Minaj;1;2022;8;12;4827;0;428685680;104;17
Running Up That Hill (A Deal With God);Kate Bush;1;1985;9;16;21811;0;1024858327;117;1
Dream On;Aerosmith;1;1973;1;5;168;0;838586769;0;0
Limbo;Freddie Dredd;1;2022;8;11;688;0;199386237;14;1
Where Are You Now;Lost Frequencies, Calum Scott;2;2021;7;30;10565;44;972509632;238;122
WORTH NOTHING;Twisted, Oliver Tree;2;2022;9;28;1612;0;213438580;34;54
Bad Habits;Ed Sheeran;1;2020;9;3;12755;8;1555511105;344;97
KICK BACK;Kenshi Yonezu;1;2022;10;12;574;4;210038833;38;101
Evergreen (You Didn���t Deserve Me A;Omar Apollo;1;2022;4;8;2499;0;227918678;70;0
Good Days;SZA;1;2020;12;24;10426;2;826623384;133;109
Levitating (feat. DaBaby);Dua Lipa, DaBaby;2;2020;3;27;15894;8;1802514301;198;13
Woman;Doja Cat;1;2021;6;25;9424;0;1329090101;202;50
Shut up My Moms Calling - (Sped Up);Hotel Ugly;1;2022;9;14;713;7;181831132;2;4
Ferrari;James Hype, Miggy Dela Rosa;2;2022;3;14;7758;28;462791599;173;79
"Kesariya (From ""Brahmastra"")";Pritam, Arijit Singh, Amitabh Bhattacharya;3;2022;7;17;292;6;366599607;26;98
Agudo M��gi;Styrx, utku INC, Thezth;3;1930;1;1;323;0;90598517;4;0
Payphone;Maroon 5, Wiz Khalifa;2;2012;1;1;14143;4;1479264469;56;38
All I Want for Christmas Is You;Mariah Carey;1;1994;10;28;25653;0;1449779435;387;132
Last Christmas;Wham!;1;1984;1;1;22153;0;1159176109;274;111
Rockin' Around The Christmas Tree;Brenda Lee;1;1958;1;1;14994;0;769213520;191;168
Jingle Bell Rock;Bobby Helms;1;1957;1;1;10326;0;741301563;165;99
It's Beginning To Look A Lot Like Christmas;Michael Bubl�;1;2011;10;14;12353;0;807561936;35;0
Santa Tell Me;Ariana Grande;1;2013;12;13;9408;0;834129063;231;106
It's the Most Wonderful Time of the Year;Andy Williams;1;1963;10;14;8879;0;663832097;182;107
Let It Snow! Let It Snow! Let It Snow!;Dean Martin;1;1959;11;16;6512;0;446390129;88;1
Snowman;Sia;1;2017;1;1;5140;0;690104769;85;110
Underneath the Tree;Kelly Clarkson;1;2013;10;25;6596;0;485285717;144;99
Feliz Navidad;Jos�� Felic;1;1970;11;1;3788;0;520034544;21;3
Holly Jolly Christmas;Michael Bubl�;1;2011;10;14;7655;0;476244795;5;0
Mistletoe;Justin Bieber;1;2011;1;1;9577;0;629173063;195;111
Sleigh Ride;The Ronettes;1;1963;11;22;10114;0;404664135;114;74
Seek & Destroy;SZA;1;2022;12;9;1007;0;98709329;5;31
Love Language;SZA;1;2022;12;9;1127;0;110849052;16;63
Happy Xmas (War Is Over);John Lennon, The Harlem Community Choir, The Plastic Ono Band, Yoko Ono;4;1971;12;1;10829;0;460492795;130;1
Used (feat. Don Toliver);SZA, Don Toliver;2;2022;12;8;1042;0;94005786;7;29
A Holly Jolly Christmas - Single Version;Burl Ives;1;1952;1;1;7930;0;395591396;108;120
The Christmas Song (Merry Christmas To You) - Remastered 1999;Nat King Cole;1;1946;11;1;11500;0;389771964;140;72
Wonderful Christmastime - Edited Version / Remastered 2011;Paul McCartney;1;1979;11;16;1685;0;403939487;1;0
Do They Know It's Christmas? - 1984 Version;Band Aid;1;1984;11;25;14169;0;481697415;209;30
Ghost in the Machine (feat. Phoebe Bridgers);SZA, Phoebe Bridgers;2;2022;12;9;1634;0;110073250;16;20
Special;SZA;1;2022;12;9;906;0;88092256;6;21
Merry Christmas Everyone;Shakin' Stevens;1;1984;1;1;1087;0;351636786;90;35
Let It Snow! Let It Snow! Let It Snow!;Frank Sinatra, B. Swanson Quartet;2;1950;1;1;10585;0;473248298;126;108
SOS;SZA;1;2022;12;9;827;0;73981293;6;18
Open Arms (feat. Travis Scott);SZA, Travis Scott;2;2022;12;8;1420;4;155653938;13;87
White Christmas;Bing Crosby, John Scott Trotter & His Orchestra, Ken Darby Singers;3;1942;1;1;11940;0;395591396;73;79
Driving Home for Christmas - 2019 Remaster;Chris Rea;1;1986;1;1;888;0;429504768;50;0
Christmas (Baby Please Come Home);Darlene Love;1;1963;11;22;9122;0;242767149;121;58
Gone Girl;SZA;1;2022;12;9;892;0;65362788;3;17
F2F;SZA;1;2022;12;9;989;0;67540165;5;9
Notice Me;SZA;1;2022;12;9;819;0;62019074;14;22
Merry Christmas;Ed Sheeran, Elton John;2;2017;11;10;2209;0;135723538;72;90
It's Beginning to Look a Lot Like Christmas (with Mitchell Ayres & His Orchestra);Perry Como, The Fontane Sisters, Mitchell Ayres & His Orchestra;3;1958;1;1;6290;0;295998468;89;39
My Only Wish (This Year);Britney Spears;1;2000;11;7;6952;0;261116938;115;53
Antidepresan;Mabel Matiz, Mert Demir;2;2022;11;4;313;2;136689549;10;6
Wild Flower (with youjeen);RM;1;2022;12;2;353;2;135611421;2;74
I Hate U;SZA;1;2021;12;3;4094;0;356709897;66;96